referencias|funcao|caso|astra|necessita|etapa|trabalho
U:Component,U:Behaviour,U:MonoBehaviour|Identidade de componente, habilitação e extensão por código; classes-base têm papéis diferentes|Criar tipos anexáveis com estado por objeto|ComponentRegistry e ScriptBehavior|IDs de tipo/propriedade/instância, schema, assembly do projeto|A|Consolidar descritores dinâmicos e cardinalidade; manter classes-base fora de Add
U:Transform|Posição, rotação, escala e parentesco de objetos 3D|Mover conjuntos com filhos e converter espaço local/global|Transform3D|Árvore autoral, TRS, política de shear|A|Migrar campos da entidade para contrato de transformação; conservar IDs e semântica de reparent
U:RectTransform,I:UIRect|Retângulo, pivô e tamanho para interface|Posicionar HUD em várias proporções de tela|LayoutTransform|Coordenadas UI, unidades, anchors, resolução|G|Separar transformação de layout da 3D e serializar retângulo/pivô
U:Camera,I:Camera|Projeção e parâmetros de captura de uma cena|Câmera de jogo, mapa ou monitor|Camera|Projeção, viewport, ordem, alvo de renderização|B|Componente e seleção por prioridade escritos; completar ortográfica, roll, render targets, máscaras e saídas múltiplas sem depender de entity.kind
U:MeshFilter|Referência à geometria usada pelo renderer|Reutilizar malha com materiais distintos|MeshAssetReference|ID estável de mesh, submeshes, bounds|B|Substituir índices de pacote por referências persistentes e resolver recursos ausentes
U:MeshRenderer,I:ModelRenderer|Desenhar malha estática com materiais|Cenário, objetos importados, blocagem|MeshRenderer|MeshAsset, materiais, transform, extração de draw packets|B|Componente e seletor de geometria escritos; completar MeshAsset com GUID, submeshes e slots compartilhados sem dependência do nome da cena
I:EmbeddedMatMR|Renderizar geometria Vertex/primitivas com material embutido na API|Criar geometria simples e atribuir material|MeshRenderer e ferramenta de primitivas|Gerador de mesh, MaterialAsset, importação|B|Converter primitivas em recursos comuns; não introduzir renderer especial para demonstração
U:Renderer,U:AudioBehaviour,U:Collider,U:Collider2D,U:Joint,U:Joint2D,U:Effector2D,U:GridLayout,U:Light2DBase|Contrato-base especializado de um subsistema|Compartilhar API entre implementações concretas|Interfaces de capacidade|Backend concreto e registro derivado|A|Definir API comum; classe-base sem construção própria fica fora de Add
U:SkinnedMeshRenderer,I:SkinnedModelRenderer|Deformar malha pelos ossos e desenhar resultado|Personagens e objetos articulados|SkinnedMeshRenderer|SkinAsset, Skeleton, pesos, paleta de matrizes, bounds animados|D|Importar joints/weights glTF, atualizar paleta e integrar skinning ao picking/render
I:Armature|Expor armadura/esqueleto de modelo|Animação de personagens e ligação de ossos|Skeleton|Hierarquia de ossos, bind pose, nomes/IDs|D|Importar skeleton sem duplicar poses entre renderer e animação
I:SkinJoint|Referenciar junta da pele; detalhes dependem dos atributos documentados|Anexar objetos a ossos após definir contrato de ligação|BoneAttachment|Skeleton e referência estável de osso|D|Resolver osso por recurso/ID; atualizar filho após avaliação da pose
U:Light,I:PointLight,I:SpotLight,I:SunLight|Emitir luz direcional, pontual ou cônica conforme o tipo|Iluminar cenas arbitrárias|Light|Extração de luzes, intensidade/unidade, cor, alcance, cone, sombras|B|Criar schema por tipo e consumidor da cena; respeitar limites de luzes e sombras do renderer
U:ReflectionProbe|Capturar ambiente para reflexos locais|Interiores e superfícies metálicas|ReflectionProbe|Cubemap, bounds, filtragem roughness, atualização|E|Gerar captura por seis faces e selecionar/blendar probes por influência
U:LightProbeGroup|Definir amostras espaciais de iluminação indireta|Iluminar objetos móveis com dados preparados|LightProbeVolume|Bake, SH, posições e interpolação|E|Persistir amostras, bake derivado e interpolação ligada à posição do objeto
U:LightProbeProxyVolume|Amostrar iluminação indireta em volume para objetos grandes|Veículos ou personagens atravessando ambientes|LightProbeSamplingVolume|LightProbeVolume e textura 3D de iluminação|E|Amostrar múltiplos pontos por volume, com resolução e custo configuráveis
U:Skybox,I:Skybox,I:CustomSkybox|Selecionar recurso visual do céu|Ambiente externo com céu substituível|Environment e SkyAsset|Cubemap/material de céu, câmera, exposição|E|Resolver recurso de céu por ID e separar céu de iluminação ambiente
I:GradientSkybox|Céu por gradiente de cores|Estilização sem cubemap|GradientSkyAsset|Gradiente direcional, espaço de cor|E|Gerar céu a partir de zenith/horizonte/nadir e parâmetros de mistura
I:PrecomputedAtmosphereSkybox,I:AtmosphericScattering|Dispersão atmosférica e céu pré-computado|Ciclos de iluminação exterior|AtmosphereAsset|LUTs, posição solar, raios planetários, integração atmosférica|E|Construir LUTs e cache por parâmetros; conectar céu e iluminação sem preset de mapa
I:AmbientLight,I:CustomAmbientLight|Configurar contribuição ambiente; a variante custom usa recurso específico|Luz indireta aproximada ou ambiente autorado|EnvironmentLighting|SH/IBL, intensidade, recurso de ambiente|E|Expor fonte e intensidade do ambiente com consumidor linear coerente
I:GradientLight|Iluminação ambiente por gradiente|Separar céu e chão na iluminação difusa|HemisphereLighting|Direção e cores do hemisfério|E|Avaliar gradiente pela normal; integrar como uma fonte ambiente configurável
I:DayNightCycle|Dirigir parâmetros de dia/noite; não é condição para existir iluminação|Animação temporal do ambiente|EnvironmentTimelineBehavior|Clock, curva solar, referências a Light/Environment|D|Criar comportamento reutilizável que escreve propriedades de componentes por referência
U:BillboardRenderer,I:Billboard|Orientar desenho para a câmera|Vegetação distante e marcadores|BillboardRenderer|BillboardAsset, eixos, seleção da câmera|B|Definir pivô e eixo travado; preservar bounds e ID de objeto no desenho
U:LODGroup,I:LOD|Selecionar níveis de detalhe|Objetos próximos detalhados e distantes leves|LODGroup|Bounds, níveis, tamanho em pixels, histerese|B|Autorizar recursos por nível e seleção por tamanho projetado sem trocar identidade
I:LODTarget|Referenciar alvo de LOD; confirmar relação exata pela API do módulo|Agrupar representações de detalhe|LODLevelReference|LODGroup, alvos e bounds|B|Resolver alvos por ID e impedir ciclos de grupos
I:ScaleBasedDistance|API expõe scale; fórmula de distância não está especificada na página|Uso final depende da investigação do componente|Pendente de semântica|Fonte/documentação da fórmula e referência de câmera|R|Documentar comportamento observável antes de decidir entre LOD e comportamento de escala
U:OcclusionArea|Delimitar região usada por dados de oclusão|Preparar visibilidade em ambientes construídos|OcclusionBakeRegion|Bake de visibilidade, geometria estática|E|Definir volume e gerar dados de visibilidade com invalidação por alteração de geometria
U:OcclusionPortal|Abrir/fechar conexão de visibilidade entre regiões|Portas entre salas|VisibilityPortal|Regiões de oclusão e estado do portal|E|Persistir polígono e regiões conectadas; atualização incremental do estado
U:SortingGroup|Agrupar ordem de desenho 2D|Personagem montado com vários sprites|SortingGroup2D|Renderer 2D e camadas de ordenação|F|Ordenar grupo como unidade, conservando ordem relativa dos filhos
U:SpriteRenderer|Desenhar sprite com material e ordenação|Personagens/objetos 2D|SpriteRenderer|SpriteAsset, atlas, câmera 2D, blend|F|Importar recortes/pivôs e gerar draw packets 2D com identidade
U:SpriteMask|Recortar sprites por máscara|Revelação ou recorte de sprites|SpriteMask|Stencil ou máscara, sorting ranges|F|Aplicar máscara por faixa de ordenação sem afetar toda a cena
U:SpriteShapeRenderer|Desenhar sprite deformado por contorno|Terreno e faixas 2D|SplineSpriteRenderer|Curva 2D, tesselação, SpriteShapeAsset|F|Gerar borda/preenchimento a partir de curva e atualizar collider derivado
U:Grid|Converter coordenadas de células em mundo|Organizar conteúdo em grade|GridComponent|Layout de células, tamanho, orientação|F|Definir conversões estáveis e desenho auxiliar separado do runtime
U:Tilemap|Armazenar tiles por célula|Mapas 2D editáveis|TileMap|TileSetAsset, chunks, coordenadas de grade|F|Persistir células esparsas, IDs de tiles e mudanças por chunk
U:TilemapRenderer|Desenhar Tilemap com batching e ordenação|Mapas grandes|TileMapRenderer|TileMap, atlases, chunks de desenho|F|Construir lotes por chunk com invalidação parcial e bounds conservadores
U:TilemapCollider2D|Gerar colisão a partir de tiles|Plataformas e paredes de mapa 2D|TileMapCollision|TileMap, formas 2D, mesclagem de contornos|F|Gerar contornos por chunk e atualizar física sem recriar o mapa inteiro
U:Rigidbody,I:PhysicsComponent|Simulação de corpo, massa, movimento e resposta física|Objetos estáticos, cinemáticos e dinâmicos|PhysicsBody3D|Mundo Jolt, Collider3D, pose, material físico|C|Ampliar corpo existente com damping, gravidade, locks e API de forças; retirar índices de UI do contrato
U:BoxCollider|Volume de contato em caixa|Aproximação de móveis, paredes e plataformas|Collider3D Caixa|Extensões, pose local, corpo proprietário|C|Adicionar ajuste por bounds e offset local sem vincular forma ao nome da malha
U:SphereCollider|Volume esférico de contato|Bolas e sensores radiais|Collider3D Esfera|Raio, centro, escala uniforme|C|Ajustar esfera envolvente por geometria e preservar raio editável
U:CapsuleCollider|Volume de cápsula com eixo e altura|Aproximação alongada e corpos arredondados|Collider3D Cápsula|Raio, altura, eixo, pose local|C|Adicionar orientação/eixo e ajuste por bounds; não duplicar CharacterMotor
I:Collider|Selecionar shape e parâmetros; a API também expõe vértices/convexidade|Definir contato independentemente da aparência|Collider3D e ShapeAsset|Formas primitivas/mesh, corpo, filtros, consultas|C|Ampliar o collider existente com recursos de forma, sensor, múltiplas instâncias e proprietário explícito
U:MeshCollider|Contato por geometria triangular ou representação convexa|Cenários irregulares e props|Collider3D Malha/Convexa|MeshAsset, cooking, restrições de corpo dinâmico|C|Gerar convex hull ou triângulos; cachear shape por hash e diagnosticar combinações inválidas
U:TerrainCollider|Contato por altura de terreno|Caminhar sobre terreno editável|HeightFieldShape|Heightmap, escala, atualizações por região|H|Criar shape de altura e sincronizar regiões modificadas com renderer
U:CharacterController|Movimento de cápsula dirigido por lógica|Locomoção sem dinâmica livre de corpo|CharacterMotor3D|Consultas/movimento, chão, degrau, rampa, input abstrato|C|Generalizar motor existente e comandos de locomoção; manter um único mundo físico
U:ConstantForce|Força/torque contínuos no corpo|Empuxo simples, vento local, motores|ForceApplier3D|PhysicsBody3D, força/torque local/global|C|Aplicar força em FixedUpdate com referências e ponto de aplicação
U:FixedJoint|Prender corpos sem liberdade relativa|Montagens rígidas e ligações rompíveis|Joint3D Fixo|Dois corpos, frames locais, limiar de quebra|C|Adaptar junta fixa Jolt e publicar eventos de ruptura
U:HingeJoint,I:HingeConstraint|Rotação limitada em um eixo|Portas, eixos e dobradiças|Joint3D Dobradiça|Corpos, pivôs, eixo, limite, motor|C|Autorizar frames locais e motor, converter unidades e expor ruptura
U:SpringJoint|Ligação elástica entre corpos|Suspensão e amarras|Joint3D Distância elástica|Corpos, distância alvo, rigidez/amortecimento|C|Converter parâmetros em frequência/damping do backend e integrar limites
U:CharacterJoint|Articulação com limites de giro e balanço|Ragdoll|Joint3D Cone/twist|Corpos, frames, limites swing/twist|C|Implementar constraints de ragdoll com visualização de eixos/limites
U:ConfigurableJoint|Combinar restrições e motores em seis graus de liberdade|Mecanismos físicos gerais|Joint3D 6DOF|Frames de corpos, limites por eixo, drives|C|Expor seis eixos tipados e mapeamento explícito para constraints do backend
I:PointConstraint|Ligação por ponto entre corpos|Pendurar objetos e articulações esféricas|Joint3D Ponto|Dois corpos e pivôs locais|C|Criar ligação pontual e resolver referências ausentes/auto-ligação
I:ConstraintPivot|Página publica construtores e identidade, sem parâmetros de pivô|Uso depende de esclarecer associação com constraints|Pendente de semântica|Documentação adicional da associação ao corpo/junta|R|Identificar se é componente de autoria, frame auxiliar ou handle de constraint antes de reproduzir
U:ArticulationBody|Cadeia articulada com coordenadas reduzidas|Robótica e mecanismos articulados|ArticulationModule|Solver de articulações, links, drives, inércia|J|Avaliar suporte de backend e implementar módulo próprio; não fingir equivalência com juntas soltas
U:WheelCollider,I:VehicleWheel|Contato/suspensão de roda e atrito de pneu|Veículos terrestres|VehicleWheel|Chassis, suspensão, consultas de solo, modelo de pneu|J|Conectar rodas a chassis por referência e simular forças independentes da malha visual
I:VehiclePhysics|Dinâmica/controle de veículo apoiado em rodas|Construir veículos com composição autoral|VehicleController|PhysicsBody3D, rodas, transmissão, input|J|Compor extensão de veículo sobre o mundo geral, sem novo mundo por veículo
U:Rigidbody2D|Movimento físico no plano|Jogos 2D|PhysicsBody2D|Backend físico 2D, pose planar, massa|F|Integrar mundo 2D separado e sincronizar poses; não projetar física 3D como substituição
U:BoxCollider2D|Contato retangular no plano|Paredes e plataformas 2D|Collider2D Caixa|PhysicsBody2D, tamanho, offset|F|Criar shape retangular e edição de vértices auxiliares
U:CircleCollider2D|Contato circular no plano|Bolas e sensores 2D|Collider2D Círculo|Centro e raio|F|Anexar círculo ao corpo 2D e expor centro/raio
U:CapsuleCollider2D|Contato de cápsula planar|Personagem ou objetos alongados 2D|Collider2D Cápsula|Raio, comprimento e orientação|F|Gerar forma 2D e aplicar regras de escala
U:PolygonCollider2D|Contato por polígonos fechados|Objetos com silhueta irregular|Collider2D Polígono|Contornos, decomposição convexa|F|Persistir pontos e buracos; decompor formas para o solver
U:EdgeCollider2D|Contato por cadeia aberta de segmentos|Pisos e trilhas 2D|Collider2D Arestas|Cadeia, adjacências e normais|F|Preservar cadeia aberta e continuidade nas junções
U:CompositeCollider2D|Combinar contornos de vários colliders|Remover emendas de tiles/paredes|Collider2D Composto|Operações de contorno, colliders fontes|F|Recalcular união/diferença por alteração e substituir shape atomicamente
U:CustomCollider2D|Fornecer conjunto de formas 2D via API|Geometria de contato gerada em código|Collider2D Procedural|API de shape groups e validação|F|Aceitar grupos tipados de formas com limites e invalidação explícitos
U:AnchoredJoint2D|Base de juntas 2D com âncoras|Compartilhar contrato entre juntas concretas|Joint2D interface|Corpos 2D e âncoras|F|Manter base fora de Add e compartilhar conversão local/global
U:DistanceJoint2D|Restringir distância entre corpos 2D|Cordas rígidas e tirantes|Joint2D Distância|Âncoras e distância mínima/máxima|F|Implementar limites e conservação do comprimento
U:FixedJoint2D|Fixar pose relativa no plano|Montagem de peças 2D|Joint2D Fixo|Corpos, âncoras e rigidez|F|Definir solda física e parâmetros de ruptura
U:FrictionJoint2D|Resistir ao movimento relativo planar|Atrito de topo sem colisão de chão|Joint2D Atrito|Força e torque máximos|F|Aplicar resistência linear/angular limitada pelo solver
U:HingeJoint2D|Girar em torno de uma âncora 2D|Portas e rodas 2D|Joint2D Dobradiça|Âncoras, motor e limites angulares|F|Expor motor e limites sem índices mágicos
U:RelativeJoint2D|Manter deslocamento linear/angular relativo|Seguimento físico de um corpo por outro|Joint2D Relativo|Offsets e força/torque|F|Implementar drive de deslocamento relativo com limites de esforço
U:SliderJoint2D|Movimento linear em eixo|Pistões e plataformas 2D|Joint2D Deslizante|Eixo, limites e motor|F|Converter eixo local e limites de curso
U:SpringJoint2D|Vínculo elástico planar|Molas 2D|Joint2D Mola|Distância, frequência, damping|F|Mapear parâmetros da mola ao backend 2D
U:TargetJoint2D|Atrair corpo a um ponto alvo|Arrastar objetos 2D|Joint2D Alvo|Alvo, força máxima e damping|F|Atualizar alvo por comandos sem teletransportar o corpo
U:WheelJoint2D|Combinar suspensão e rotação planar|Veículos 2D|Joint2D Roda|Suspensão, eixo e motor|F|Compor os graus de liberdade próprios da junta de roda
U:ConstantForce2D|Aplicar força e torque continuamente no plano|Propulsão 2D|ForceApplier2D|Body2D e FixedUpdate|F|Aplicar força/torque em unidades do mundo 2D
U:AreaEffector2D|Força distribuída em uma área|Vento e esteiras por volume|ForceArea2D|Sensor, direção, magnitude e máscara|F|Associar sensor ao campo e aplicar força somente aos corpos elegíveis
U:BuoyancyEffector2D|Flutuação e arrasto em região 2D|Líquido planar|BuoyancyArea2D|Sensor, densidade, superfície e velocidade|F|Calcular fração submersa e forças; manter módulo de água opcional
U:PlatformEffector2D|Colisão de plataforma com direção permitida|Plataformas atravessáveis por baixo|OneWaySurface2D|Normais, arco de bloqueio e filtro de contato|F|Filtrar contato por direção/velocidade e tolerância
U:PointEffector2D|Atrair ou repelir corpos em torno de ponto|Ímãs ou campos radiais|RadialForce2D|Sensor, curva por distância e centro|F|Avaliar força radial por distância e respeitar filtros
U:SurfaceEffector2D|Mover contatos ao longo de uma superfície|Esteira transportadora 2D|SurfaceVelocity2D|Contatos e velocidade tangencial|F|Aplicar velocidade tangencial no solver, sem mover o transform da esteira
U:PhysicsUpdateBehaviour2D|Tipo auxiliar de atualização da física 2D|Agendamento interno do subsistema|Physics2D scheduler|Ordem de atualização do backend|F|Investigar papel na referência; não expor automaticamente como componente autoral
U:Animation,I:AnimationPlayer|Reproduzir clips e controlar tempo/peso|Portas animadas, objetos e personagens|AnimationPlayer|AnimationClipAsset, bindings de propriedades, clock|D|Importar canais, avaliar tracks e misturar propriedades no runtime
U:Animator|Avaliar estados/transições e camadas de animação|Locomoção e ações de personagem|Animator|Grafo, parâmetros, clips, blend, root motion|D|Implementar asset de grafo e avaliação determinística por instância
U:PlayableDirector|Dirigir sequências temporais de tracks|Cutscenes e apresentações|TimelinePlayer|TimelineAsset, bindings, clock, avaliação de tracks|D|Vincular tracks a objetos/componentes por IDs e preservar overrides por instância
U:AimConstraint|Alinhar um eixo a alvos com pesos|Orientar peças ou ossos para alvo|TransformConstraint Mirar|Transform, alvos, eixo e vetor up|D|Resolver pesos e orientação após animação com detecção de ciclos
U:LookAtConstraint|Orientar olhando para um alvo|Cabeças e câmeras|TransformConstraint Olhar|Alvos, up, offsets|D|Construir orientação de look-at com singularidades tratadas
U:ParentConstraint|Misturar pose relativa a múltiplas fontes|Trocar objeto entre mãos/suportes|TransformConstraint Parent|Fontes, offsets e pesos|D|Misturar transformações sem alterar a árvore autoral
U:PositionConstraint|Vincular posição com pesos/eixos|Seguimento apenas translacional|TransformConstraint Posição|Fontes, pesos, eixos travados|D|Avaliar apenas canais de posição e respeitar espaço local/global
U:RotationConstraint|Vincular rotação de fontes|Articulações auxiliares|TransformConstraint Rotação|Quaternions, pesos e offsets|D|Misturar rotação sem interpolação ingênua de Euler
U:ScaleConstraint|Vincular escala de fontes|Rig e deformação por escala|TransformConstraint Escala|Fontes, pesos e espaço|D|Definir mistura de escalas e rejeitar shear incompatível
U:Cloth|Simular tecido deformável|Roupas e bandeiras|ClothModule|Solver de tecido, constraints, malha deformável, colisores|J|Escolher backend, pinagem e integração de deformação com skinning/bounds
U:ParticleSystem,I:ParticleEmitter|Emitir e simular partículas|Fumaça, faíscas, poeira|ParticleEmitter|ParticleAsset, curvas, seeds, pools, materiais|D|Criar emissão por tempo/distância e simulação independente de objetos especiais
U:ParticleSystemRenderer|Desenhar partículas como billboards/meshes|Materializar a simulação de partículas|ParticleRenderer|Buffers de partículas, sorting, bounds, blend|D|Extrair instâncias e ordenar transparência sem perder sincronização da simulação
U:ParticleSystemForceField|Aplicar forças a partículas dentro de volume|Turbulência e atração local|ParticleForceField|Volume, máscaras, curvas de força|D|Consultar campos por emissor e acumular forças configuráveis
I:ParticleGroup|Página só expõe construção/instância, sem semântica de agrupamento|Caso concreto depende de esclarecer a API|Pendente de semântica|Documentação funcional de ParticleGroup|R|Confirmar se agrupa simulação, renderização ou emissão antes de escolher contrato
U:VisualEffect,U:VFXRenderer|Simular/desenhar efeitos de grafo no subsistema VFX|Efeitos GPU complexos|VfxGraphModule|Grafo, compilação, compute, buffers e renderer|J|Separar asset de grafo e instância; implementar nós suportados sem prometer paridade VFX Graph
U:LineRenderer|Desenhar faixa ao longo de pontos|Cabos visuais, raios e trajetórias|LineRenderer|Pontos, largura, material, tesselação|D|Gerar ribbon com joins/caps e UVs configuráveis
U:TrailRenderer,I:TrailRenderer|Acumular trajetória com vida útil e largura|Rastro de arma, projétil ou movimento|TrailRenderer|Amostras por tempo/distância, material e bounds|D|Manter buffer circular por instância e remover segmentos expirados
U:AudioSource,I:SoundPlayer|Reproduzir áudio com parâmetros espaciais|Sons de objetos, música e interface|AudioSource|AudioClipAsset, decoder, mixer, dispositivo|D|Conectar playback assíncrono, looping, volume, pitch e atenuação
U:AudioListener,I:SoundListener|Definir ponto e orientação de escuta|Ouvir pela câmera/personagem|AudioListener|Mundo de áudio, pose e seleção de listener|D|Selecionar listener por mundo e atualizar espacialização
U:AudioReverbZone|Alterar reverberação por região|Salas e cavernas|AudioZone|Volume de influência, buses e reverb|D|Misturar envio de reverb por posição sem duplicar fonte sonora
U:AudioChorusFilter|Aplicar chorus à cadeia de áudio|Modulação musical|AudioEffect Chorus|DSP de atrasos modulados e mixer|D|Implementar DSP com dry/wet, rate, depth e buffers por instância
U:AudioDistortionFilter|Aplicar distorção ao áudio|Sons saturados e efeitos|AudioEffect Distortion|DSP e ganho|D|Implementar curva de saturação com controle de nível
U:AudioEchoFilter|Aplicar ecos por atraso|Repetições temporais de som|AudioEffect Delay|Delay buffer e feedback|D|Implementar atraso e feedback limitados por memória
U:AudioHighPassFilter|Atenuar frequências abaixo do corte|Sons filtrados por ambiente|AudioEffect HighPass|Biquad, cutoff e ressonância|D|Atualizar coeficientes sem estalos na thread de áudio
U:AudioLowPassFilter|Atenuar frequências acima do corte|Oclusão sonora e abafamento|AudioEffect LowPass|Biquad, cutoff e ressonância|D|Conectar filtro à cadeia de áudio com interpolação de parâmetros
U:AudioReverbFilter|Aplicar reverberação diretamente à cadeia|Som reverberante por fonte|AudioEffect Reverb|DSP de reverb, buffers e parâmetros|D|Distinguir efeito inserido de zona de envio para bus
I:MicrophoneReader|Capturar entrada de microfone|Gravação ou análise sonora|MicrophoneSource|Permissão Android, captura e ring buffer|J|Criar serviço de captura com ciclo de vida e autorização da plataforma
I:SpeechRecognizer|Reconhecimento de fala pela plataforma|Comandos de voz|SpeechRecognitionService|API Android, disponibilidade e permissão|J|Tratar indisponibilidade/offline e eventos assíncronos; serviço não exige objeto de cena
U:VideoPlayer,I:VideoPlayer|Decodificar/reproduzir vídeo e áudio sincronizados|Telas no cenário e cutscenes|VideoPlayer|MediaCodec, textura externa/upload, clock A/V|J|Conectar decoder ao RenderTargetAsset, seek e ciclo de vida Android
U:NavMeshAgent|Percorrer navegação evitando obstáculos|Agentes com destino arbitrário|NavigationAgent|NavMeshAsset, path queries, steering, motor|H|Resolver caminho e steering sem impor visual/personagem específico
U:NavMeshObstacle|Representar obstáculo para navegação|Obstáculos móveis ou bloqueios|NavigationObstacle|Bounds, política de carving/avoidance|H|Atualizar obstáculos e invalidar trechos afetados de navegação
U:OffMeshLink|Conectar áreas navegáveis por travessia especial|Saltos, escadas e portas|NavigationLink|Duas extremidades, custo, direção e ação de travessia|H|Persistir endpoints e delegar travessia a comportamento do agente
I:NavMesh|Manter/bakear malha de navegação|Preparar superfícies caminháveis|NavigationRegion|Geometria, BakeNavMesh, configuração de agente|H|Gerar mesh derivada por regiões e manter hash das fontes
I:PathFinder|Consultar caminho em dados de navegação|Planejar rota para um destino|NavigationQuery|NavigationRegion, start/end, custos|H|Oferecer API de query; componente só se houver consulta persistente configurável
I:EnemyAI|API documenta walkSpeed, mas não estados nem percepção|Não assumir que seja uma IA completa|Comportamento de projeto a especificar|Regras de percepção/decisão, NavigationAgent, input de motor|R|Investigar comportamento de referência; não criar tipo nativo obrigatório de inimigo
I:Route,I:CurvePath|Representar caminho geométrico ou rota|Trilhas, patrulhas, câmera e objetos móveis|Path e CurveAsset|Pontos, interpolação, comprimento e espaço|H|Separar recurso de curva e instância; reaproveitar matemática de rota sem dependência de água
I:RouteFollower|Percorrer rota ao longo do tempo|Câmera, plataforma ou objeto em trilha|FollowPathBehavior|Path, velocidade, orientação, loop|H|Amostrar por distância percorrida e aplicar via transform ou movimento cinemático
I:PathPoint,I:RoadPoint|Pontos de autoria de caminho/estrada|Editar traçados|CurvePoint ferramenta|CurveAsset, tangentes, largura quando aplicável|H|Editar pontos com Undo e IDs estáveis; não exigir entidade por ponto no runtime
I:PointConnector|Conectar pontos; papel exato depende da API|Gerar conexões entre pontos de curva|CurveConnection|Referências de pontos e política de conexão|H|Documentar direção/topologia e atualizar curvas conectadas
I:MeshCurve|Gerar/deformar malha ao longo de curva|Tubos, cabos e faixas|CurveMeshGenerator|CurveAsset, perfil, tesselação e UVs|H|Extrudar perfil com frames estáveis e cachear geometria por alteração
I:Road|Gerar estrada a partir de traçado|Estradas editáveis no terreno|RoadGenerator|CurveAsset, perfil, material, terrain sampling|H|Criar geometria e junções como recursos comuns; colisão derivada opcional
U:Terrain,I:Terrain|Representar superfície de terreno e camadas|Paisagens editáveis|Terrain|Heightmap, materiais por camada, chunks/LOD|H|Importar/esculpir altura e atualizar mesh, bounds, pintura e colisão por região
U:Tree|Tipo ligado à representação de árvores da referência|Vegetação gerada ou preparada|VegetationAsset e MeshRenderer|Gerador/importador, LODs e vento|H|Separar ferramenta de geração do renderer universal e licenciar os assets
U:WindZone|Descrever vento direcional/radial|Vegetação e partículas|WindField|Volume/direção, força, turbulência e tempo|H|Criar campo compartilhado consumido por materiais/partículas sem cenário fixo
I:BoundingTerrainLevel|API expõe margens horizontal e vertical; operação completa não está descrita|Nivelamento por bounds precisa de confirmação|TerrainModifier a especificar|Terrain, bounds e margens|R|Obter semântica de alteração de altura antes de implementá-la
I:BoxTerrainLevel|Modificação de terreno associada a caixa, a confirmar pelas propriedades|Preparar plataformas no terreno|TerrainModifier Caixa|Terrain, volume e política de mistura|H|Definir máscara em caixa e operação de altura não destrutiva
I:ModelTerrainLevel|Modificação de terreno associada a modelo, a confirmar pela API|Adaptar terreno ao entorno de geometria|TerrainModifier Mesh|Terrain, MeshAsset e amostragem|H|Amostrar projeção da malha e persistir operador/margem
I:StickToTerrain|Ajustar objeto à superfície do terreno|Assentar objetos decorativos|SurfaceSnapBehavior|Referência de terreno, raycast e offset|H|Consultar superfície e definir alinhamento à normal sem alterar asset compartilhado
I:VoxelChunk|Unidade espacial de dados voxel|Mundo editável em blocos|VoxelChunk|VoxelDataAsset, coordenação de chunks e mesh|J|Persistir células por chunk e gerar superfície incremental
I:VoxelChunkSpawner|Criar/carregar chunks ao redor de região de interesse|Streaming de mundo voxel|VoxelStreamingRegion|VoxelChunk, jobs, armazenamento e orçamento|J|Agendar carga/descarga por distância e memória configurável
I:VoxelCollider|Contato derivado de voxels|Interação física com blocos|VoxelCollision|VoxelChunk e cooking de formas|J|Gerar contato por chunk e publicar substituições no passo físico
I:VoxelGenerator|Gerar conteúdo voxel|Terreno procedural|VoxelGeneratorAsset|Seeds, regras e dados de chunk|J|Criar geração determinística com parâmetros autorados e cache
I:VoxelHand|Ferramenta de interação/edição voxel; detalhes devem seguir API|Selecionar e modificar células|VoxelEditBehavior|Ray query, operações de bloco, histórico de mundo|J|Separar ferramenta de edição das regras de jogo; referências por mundo voxel
I:VoxelPhysics|API expõe velocidade, gravidade e parâmetros de subida|Locomoção sobre mundo voxel|VoxelMotorAdapter|Consultas voxel e CharacterMotor|J|Implementar adaptação de movimento/degraus sem segundo mundo físico privado
I:VoxelPlayerController|Controlar jogador em ambiente voxel|Protótipo de jogo em blocos|PlayerInputBehavior|InputActionMap e VoxelMotorAdapter|J|Transformar controlador específico em composição configurável de input/motor
I:GamePadAxisMapper,I:KeyboardAxisMapper,I:MouseAxisMapper|Mapear dispositivos para eixos abstratos|Movimento e câmera com vários dispositivos|InputActionMap bindings|Eventos da plataforma, dead zones e escala|D|Criar bindings por dispositivo e combinar contribuições sem hardcode de personagem
I:GamePadMapper,I:KeyboardMapper,I:MouseMapper|Mapear botões/teclas para ações|Pular, interagir e comandos de jogo|InputActionMap bindings|Identidade de dispositivos, pressed/released/held|D|Persistir bindings, remapeamento e conflitos; desligar input ao perder foco
I:LuaComponent|Anexar comportamento Lua|Projetos que escolham Lua como extensão|LuaRuntime opcional|VM Lua, API de cena, lifecycle, sandbox de capacidades|J|Conectar outro runtime ao mesmo contrato de instâncias; não trocar a prioridade C# do plano
I:ObjectPool,I:PoolComponent|Reutilizar instâncias e associá-las a pools|Projéteis, efeitos e objetos temporários|ObjectPoolService e PoolMembership|SceneAsset, lifecycle, reset de estado e limites|D|Definir aquisição/devolução e reinicialização de componentes sem IDs autorais duplicados
I:OrbitalCameraFollow|Câmera que orbita um alvo|Inspeção e terceira pessoa|OrbitCameraBehavior|Referência de alvo, input e colisão de câmera|D|Separar órbita, distância, limites e obstrução em parâmetros do rig
I:SmoothCameraFollow|Seguir alvo suavizando movimento|Câmera de perseguição|FollowCameraBehavior|Alvo, offsets, damping e clock|D|Usar suavização independente de frame e tratar teletransporte do alvo
I:SlideRotate|Nome sugere rotação por gesto; confirmar eixos e escala pela API|Manipulação por arraste|DragRotateBehavior|Input de gesto, eixo, sensibilidade e limites|D|Conectar gesto abstrato a rotação configurável sem capturar input da UI indevidamente
I:StandUp|Comportamento de orientação; fórmula e atuação física não estão na página|Manter orientação vertical após confirmar contrato|UprightBehavior a especificar|Transform ou torque físico, direção up|R|Confirmar se gira transform ou aplica torque antes de criar comportamento equivalente
I:TimedObjectDeactivator|Desativar objeto após intervalo|Efeitos temporários e objetos de vida limitada|LifetimeBehavior|Scheduler, atividade de objeto, pool opcional|D|Persistir duração e ação no término; usar clock do mundo e reiniciar na reutilização
I:AnimationTrigger|Acionamento de animação; evento exato precisa seguir API|Disparar clip por evento|AnimationEventBinding|AnimationPlayer, eventos e referências|D|Declarar origem do evento e alvo do clip sem gatilho de cena fixa
I:BakeChildSuppressor|API só fornece construtores/instância; efeito sobre bake não está especificado|Caso de uso não comprovado pela página|Pendente de semântica|Documentação funcional do bake e escopo de filhos|R|Manter no inventário, investigar operação e então decidir componente ou metadado de editor
I:RenderTextureExtractor|Extrair imagem de render texture conforme a API|Captura e processamento de imagem|RenderTargetReadbackService|RenderTargetAsset, staging, sincronização e formato|E|Criar readback assíncrono com limites; distinguir textura GPU de arquivo exportado
U:Canvas,I:UIController|Raiz de renderização/interação da interface|HUD de jogo ou interface em textura|UIDocument|Layout, renderer UI, input, escala/resolução, alvo|G|Criar documento de UI de jogo separado do estado do editor
U:CanvasGroup|Aplicar opacidade e política de interação a grupo|Transições e bloqueio de painéis|UIGroup|Árvore de UI, alpha herdado e hit testing|G|Propagar transparência/interação com regras explícitas de herança
U:CanvasRenderer,U:UIRenderer|Infraestrutura de desenho de interface|Converter árvore UI em lotes|UIRenderBackend|Geometria, texturas, clipping, batches|G|Compartilhar tecnologia gráfica com editor sem expor implementação interna em Add
U:UIDocument|Instanciar documento de UI Toolkit|UI descrita como árvore própria|UIDocument|UIAsset, árvore de widgets, estilos e eventos|G|Escolher árvore UI única da Astra; não reproduzir uGUI e UI Toolkit simultaneamente
U:TextMesh|Desenhar texto no mundo 3D|Placas e letreiros|WorldText|FontAsset, shaping, geometria e material|G|Gerar texto com métricas corretas e bounds para seleção
I:UITextView|Exibir texto na interface|Rótulos e mensagens|TextWidget|FontAsset, shaping, quebra de linha, alinhamento|G|Conectar conteúdo e estilo a documento autoral e texto dinâmico
I:UIImage|Exibir imagem na interface|Ícones, painéis e retratos|ImageWidget|TextureAsset, recorte, tint e nine-slice|G|Atribuir recurso por ID e calcular UVs/escala conforme layout
I:UIShape|Desenhar forma de interface|Indicadores e molduras|ShapeWidget|Primitivas UI, preenchimento e contorno|G|Gerar geometria de forma com antialiasing e hit region coerente
I:UIButton|Botão com eventos de interação|Comandos do jogo|ButtonWidget|Foco, estados visuais, pointer e evento|G|Emitir ação por ativação, cancelar arrastes e suportar teclado/controle
I:UIHoverButton|Botão com comportamento de hover|Mouse/stylus em interface|ButtonWidget Hover|Pointer hover e estados de botão|G|Adicionar estado hover ao botão comum sem controle nativo duplicado
I:UICheckBox|Escolher valor booleano|Opções de jogo|ToggleWidget|Valor booleano e evento change|G|Vincular estado visual e propriedade; distinguir interação de simples expansão
I:UIRadioButton,I:UIRadioGroup|Seleção exclusiva entre opções|Escolher uma opção de um conjunto|RadioGroup e RadioItem|IDs de opções, seleção, navegação por foco|G|Garantir exclusividade por grupo e persistir seleção por ID
I:UIInputText|Entrada editável de texto|Nome, chat e campos do jogo|TextInputWidget|IME Android, seleção, composição, clipboard|G|Reaproveitar ponte da plataforma com documento UI e regras de foco do jogo
I:UIProgressBar|Exibir progresso proporcional|Vida, carga e andamento|ProgressWidget|Valor, intervalo, direção de preenchimento|G|Calcular preenchimento pelo intervalo e permitir binding de valor
I:UIBarHandler,I:UISlideBar|API de barra e controle deslizante; separar indicador de entrada|Ajuste contínuo de valores|SliderWidget|Track, thumb, intervalo, steps e eventos|G|Criar slider com captura de ponteiro e acessibilidade; confirmar papel de BarHandler
I:UISlideArea|Área que fornece deslocamento por gesto|Controle de câmera ou rolagem customizada|DragInputRegion|Pointer capture, delta, cancelamento|G|Publicar deltas normalizados com arbitração UI/jogo
I:UIJoystick|Controle direcional virtual fixo|Movimento por toque|VirtualStickWidget|Centro, raio, dead zone, eixo de ação|G|Produzir vetor de ação e retornar ao centro ao soltar/cancelar
I:UIDynamicJoystick|Controle direcional que nasce no toque|Movimento com área ampla no mobile|VirtualStickWidget Dinâmico|Região de ativação, origem dinâmica e multitouch|G|Definir origem por pointer e impedir disputa com outros controles
I:UIDrivingWheel|Controle circular virtual|Direção de veículo ou dial|RotaryInputWidget|Ângulo, limites, retorno e ação|G|Converter ângulo do gesto em ação abstrata sem dependência de veículo
I:UIAxisEventListener|Receber eventos de eixo no UI|Navegação/controle por ações|UIActionBinding Eixo|InputActionMap, foco e propagação|G|Vincular ação de eixo a widget e tratar consumo por contexto
I:UIKeyEventListener|Receber eventos de tecla/ação|Atalhos de interface|UIActionBinding Botão|InputActionMap, foco e pressed/released|G|Persistir binding com ordem de propagação e cancelamento
I:UITouchTrigger|Disparar eventos de toque em região|Áreas interativas de HUD|PointerEventBinding|Hit testing, pointer ID e fases|G|Expor down/up/cancel/drag com destino de evento por referência
I:UI3DInputSystem|Integrar entrada UI a interação 3D; conferir propriedades do sistema|Interação de toque com mundo|WorldInputRouter|Ray picking, câmera, camadas e consumo UI|G|Converter toque usando viewport real e despachar eventos por objeto atingido
I:UI3DCameraAimInputSystem|Entrada 3D ligada à mira de câmera|Interagir com objeto sob retículo|CameraAimInputRouter|Câmera, ray query e ações|G|Gerar raio pelo ponto de mira configurável e resolver alvo por ID
I:UIAlignment|Alinhamento no retângulo pai|Posicionar controles em painéis|LayoutAlignment|LayoutTransform e alinhamento por eixo|G|Calcular posição depois de medir tamanho e aplicar padding
I:UIAnchor|Ancoragem relativa ao pai|HUD adaptativo|LayoutAnchors|Retângulo pai e offsets|G|Persistir anchors e recalcular quando resolução/pai mudar
I:UIAspectRatio|Preservar proporção do elemento|Imagens e vídeos sem distorção|AspectRatioConstraint|Medida, modo fit/fill e ratio|G|Resolver restrição sem ciclos com layout do pai
I:UIFitParent|Ajustar elemento ao pai|Painel que ocupa área disponível|LayoutFill|Retângulo pai e margens|G|Preencher espaço após descontar margens e área segura
I:UIWeight|Distribuir espaço conforme peso; API expõe weight|Colunas/linhas proporcionais|LayoutWeight|Container e peso de filho|G|Distribuir espaço restante considerando mínimos/máximos
I:UIFlexLayout|Layout flexível de filhos|Painéis que se adaptam ao espaço|FlexContainer|Medida, grow/shrink, wrap e gap|G|Implementar algoritmo de medida/arranjo com limites e quebra
I:UIGridLayout|Dispor filhos em grade|Inventário e seleção de itens|GridContainer|Células, colunas, gap, alinhamento|G|Definir dimensões fixas/adaptativas e virtualizar listas grandes
I:UIHorizontalLayout|Dispor filhos horizontalmente|Barras e linhas de controles|RowContainer|Medida, gap, alinhamento e pesos|G|Medir filhos e distribuir largura com mínimos/máximos
I:UIVerticalLayout|Dispor filhos verticalmente|Menus e formulários|ColumnContainer|Medida, gap, alinhamento e pesos|G|Medir filhos e distribuir altura com mínimos/máximos
I:UIHorizontalScrollView|Área com rolagem horizontal|Carrosséis e tabelas largas|ScrollContainer Horizontal|Viewport, clipping, gesto e inércia|G|Implementar rolagem com limites e conflito entre clique e arraste
I:UIVerticalScrollView|Área com rolagem vertical|Listas e inventários|ScrollContainer Vertical|Viewport, clipping, gesto e virtualização|G|Manter posição por conteúdo/âncora durante alterações na lista
I:UIRectangularMask|Recorte retangular de filhos|Painéis com conteúdo excedente|ClipRect|Árvore UI e scissor/máscara|G|Propagar interseção de recortes ao desenho e hit testing
I:UIRotateImage|Rotacionar imagem pelo componente|Indicadores e animação de ícones|ImageTransformBehavior|Imagem, pivô, ângulo e tempo|G|Usar transformação do widget; evitar renderer exclusivo para imagem giratória
I:UIWebView|Exibir conteúdo web com integração nativa|Ajuda ou conteúdo web dentro do app|PlatformWebView|Android WebView, navegação, foco e lifecycle|J|Criar superfície nativa e política explícita de navegação; não confundir com UI desenhada pela engine
U:FlareLayer|Componente legado de participação em lens flares|Compatibilidade de projetos antigos da referência|Compatibilidade de importação|Identificar obsolescência e pipeline de flare|R|Mapear para configuração de câmera/flare quando aplicável; não promover legado sem função
U:LensFlare|Efeito de flare associado a fonte|Representação óptica estilizada de luz|LensFlare|FlareAsset, oclusão da fonte, câmera|E|Implementar elementos/oclusão e permitir controle por câmera
U:Projector|Projetar material em superfícies|Decal e luz projetada em pipeline compatível|DecalProjector|Volume, material, profundidade e normal|E|Escolher decal por volume no renderer Astra, sem prometer o pipeline legado Unity
U:StreamingController|Influenciar streaming de texturas por câmera|Controlar residência de mipmaps|TextureStreamingView|Câmera, feedback de uso, orçamento GPU|E|Conectar prioridade por vista ao gerenciador de recursos e expor orçamento
I:Bloom,I:FastBloom|Espalhar energia de regiões brilhantes; FastBloom é variante de custo|Brilho de luzes e materiais emissivos|BloomEffect|HDR linear, pirâmide de downsample/upsample e threshold|E|Implementar cadeia de bloom com qualidade configurável e composição antes do tone mapping
I:ChromaticAberration|Deslocar amostras de canais de cor|Aberração óptica estilizada|ChromaticAberrationEffect|Cor HDR/LDR e coordenadas de lente|E|Aplicar separação radial de canais com intensidade/centro configuráveis
I:CavityRidgeValley|Realçar cavidades e saliências|Leitura estilizada da geometria|CurvatureEffect|Normais/profundidade e reconstrução de posição|E|Estimar curvatura em tela e controlar contribuição separada para concavidade/convexidade
I:ContactShadows|Sombras de contato em espaço de tela|Detalhe de contato próximo|ContactShadowEffect|Profundidade, direção de luz, ray march e histórico|E|Traçar segmentos curtos por luz elegível e combinar com shadow maps
I:CustomPostProcessing|Pós-processamento definido por recurso customizado|Efeitos do projeto|PostProcessPassAsset|Contrato de shader, entradas, saídas, parâmetros e rendergraph|E|Compilar passe com recursos declarados; impedir acesso implícito a buffers de outro mundo
I:DPCFShadow|Variante de filtragem de sombras identificada pela API|Controle de suavidade de sombra|ShadowFilter DPCF|Shadow maps, comparação e parâmetros específicos|E|Investigar fórmula/licença e integrar seleção de filtro ao sistema de sombras, sem componente de luz duplicado
I:PCSSShadow|Sombras com suavidade dependente da distância do bloqueador|Luzes de área aproximadas|ShadowFilter PCSS|Busca de bloqueador, raio de luz e shadow map|E|Implementar blocker search e penumbra estimada com orçamento configurável
I:VSMShadow|Filtragem de sombras por momentos|Sombras filtráveis|ShadowFilter VSM|Moment maps, blur e controle de light bleeding|E|Gerar momentos e resolver variância com parâmetros de estabilidade
I:DepthOfField|Desfocar conforme distância de foco|Ênfase cinematográfica|DepthOfFieldEffect|Profundidade, CoC, câmera e blur near/far|E|Calcular círculo de confusão e compor planos diante/trás sem halo excessivo
I:FilmGrainScratch|Grão e riscos de filme|Estilização de imagem|FilmArtifactEffect|Ruído temporal, textura opcional e intensidade|E|Criar amostragem temporal controlável e separar grão de riscos
I:Fog|Atenuação e cor por distância/altura|Profundidade atmosférica|FogEffect|Profundidade, cor, densidade e altura|E|Reconstruir distância em unidades de mundo e combinar com transparência conforme suporte
I:LensDistortion|Distorcer coordenadas de lente|Lente ampla e efeitos ópticos|LensDistortionEffect|Centro, coeficientes radiais, crop|E|Aplicar distorção e definir comportamento de borda/escala
I:NightVision|Transformar imagem para visão noturna estilizada|Modo visual configurável|ColorGradeEffect e material de efeito|Cor, luminância, ruído opcional e parâmetros|E|Representar como recurso composto de passes, sem tipo de mundo noturno
I:PostVignette,I:Vignette|Atenuar bordas; nomes indicam variantes cuja ordem deve ser confirmada|Foco visual no centro|VignetteEffect|Máscara radial, cor, intensidade e ordem|E|Definir um efeito com ordem explícita na cadeia e migrar variantes sem duplicar implementação
I:RenderEffectArea|Delimitar influência espacial de efeitos|Interiores com pós-processamento próprio|PostProcessVolume|Shape de influência, prioridade, blend e perfil|E|Resolver volumes por câmera e misturar parâmetros tipados por prioridade/peso
I:SSAO|Oclusão ambiente estimada em espaço de tela|Contato e cavidades difusas|AmbientOcclusionEffect|Profundidade, normais, amostragem e denoise|E|Implementar AO com raio em unidades de mundo e filtro preservando bordas
I:SSR|Reflexos derivados da imagem/profundidade da tela|Superfícies refletivas com fallback|ScreenSpaceReflectionEffect|HiZ, normais, roughness, cor anterior e fallback|E|Traçar reflexos e resolver falhas fora da tela com probes/ambiente
I:ToneMapper|Converter faixa HDR para exibição|Exposição consistente|ToneMapping|HDR, exposição, curva e saída sRGB|E|Expor operador e exposição sem aplicar conversão de cor duas vezes
I:VHSFilter|Artefatos de fita/vídeo estilizado|Efeito retro|VideoArtifactEffect|Distorção temporal, ruído e separação de cor|E|Criar recurso de efeito com parâmetros independentes e clock de cena
I:GaussianBlur|Desfoque por núcleo gaussiano|Suavização e efeitos intermediários|GaussianBlurPass|Textura de entrada, raio e downsample|E|Implementar kernel separável e declarar dependências do rendergraph
I:MotionBlur|Desfoque por movimento|Movimento de câmera/objetos|MotionBlurEffect|Motion vectors, profundidade, histórico e shutter|E|Gerar vetores reais de câmera/objeto e reconstruir blur por velocidade
I:Outline|Contorno de objetos/imagem|Seleção visual no jogo e estilização|OutlineEffect|IDs/normais/profundidade ou shell conforme modo|E|Definir seleção por objetos/camadas e espessura em pixels
I:Sharpen|Reforço de contraste local de alta frequência|Nitidez após escala|SharpenEffect|Cor de entrada e intensidade|E|Implementar filtro com controle de overshoot e ordem após upscale
I:UIBackgroundBlur|Desfocar conteúdo atrás do painel|Painéis sobre a cena|UIBackdropEffect|Captura do fundo, região UI, blur e composição|G|Capturar fundo antes do painel e limitar custo à região afetada
I:UIBloom|Bloom restrito à saída da interface|Brilho de elementos UI|UIEffectProfile Bloom|Offscreen UI e BloomEffect|G|Reutilizar passe de bloom sobre alvo UI com alpha preservado
I:UIChromaticAberration|Aberração cromática restrita à interface|Estilização de HUD|UIEffectProfile Aberração|Alvo UI e ChromaticAberrationEffect|G|Aplicar deslocamento de canais sem alterar hit regions
I:UIContrastBrightnessSaturation|Ajustar contraste, brilho e saturação da interface|Estados visuais e ajustes de tema|UIColorAdjustment|Cor UI, luminância e espaço linear|G|Aplicar transformação de cor consistente com premultiplicação de alpha
I:UICustomPostProcessing|Passe customizado sobre a saída UI|Efeitos definidos pelo projeto|UIEffectProfile Custom|PostProcessPassAsset e alvo UI|G|Vincular passe custom a documento UI com recursos declarados
I:UIFadeOut|Desvanecer interface ao longo do tempo|Transições de painéis|UIOpacityBehavior|Opacidade de grupo, curva e clock|G|Animar opacidade e definir ação no término; não alterar cena inteira
I:UIGaussianBlur|Desfoque aplicado à interface|Transições e suavização UI|UIEffectProfile Blur|Alvo UI e GaussianBlurPass|G|Aplicar blur mantendo recorte e alpha correto
I:UILensDistortion|Distorção de lente aplicada ao UI|HUD estilizado|UIEffectProfile Distortion|Alvo UI, LensDistortionEffect e hit mapping|G|Distorcer saída e decidir mapeamento inverso de input explicitamente
I:UIOutline|Contorno de elementos de interface|Texto/imagem com borda|UIOutlineEffect|Alpha/forma, raio e cor|G|Dilatar máscara respeitando clipping e escala de pixels
I:UIPostTransform|Transformar saída pós-renderizada da interface|Compor UI como superfície|UIPostTransform|Alvo UI, matriz, pivô e input inverso|G|Transformar quad final e usar matriz inversa para interação
I:UIPostVignette|Vinheta restrita à interface|Estilização de uma camada UI|UIEffectProfile Vignette|Alvo UI e VignetteEffect|G|Aplicar máscara à camada selecionada sem afetar mundo
I:UISharpen|Nitidez restrita à interface|UI renderizada em resolução diferente|UIEffectProfile Sharpen|Alvo UI e SharpenEffect|G|Aplicar nitidez após escala do alvo UI preservando alpha
I:UIVHSFilter|Artefatos VHS restritos à interface|HUD retro|UIEffectProfile VideoArtifacts|Alvo UI e VideoArtifactEffect|G|Compor efeito apenas no documento UI selecionado
